subject,idna_subject,expiration_date,epoch
britneyspears.ac,britneyspears.ac,25-jan-2021,1611532800.0
cams.ag,cams.ag,29-jan-2021,1611878400.0
hacker.ag,hacker.ag,27-feb-2021,1614384000.0
highclasslondonescorts.agency,highclasslondonescorts.agency,04-jul-2021,1625356800.0
porno.ag,porno.ag,10-mar-2022,1646870400.0
sex.ag,sex.ag,15-feb-2021,1613347200.0
sexworld.ag,sexworld.ag,30-apr-2021,1619740800.0
sweetmodels.agency,sweetmodels.agency,10-apr-2021,1618012800.0
tube.ac,tube.ac,15-jun-2021,1623715200.0
